{
  "accuracy": 0.7042140682582919,
  "f1_macro": 0.7052833085919508,
  "f1_weighted": 0.7034235654155064,
  "f1_per_class": [
    0.6975325755475464,
    0.6463547334058759,
    0.77196261682243
  ],
  "confusion_matrix": [
    [
      1258,
      430,
      132
    ],
    [
      440,
      1485,
      402
    ],
    [
      89,
      353,
      1652
    ]
  ],
  "roc_auc_micro": 0.8699390188687925,
  "roc_auc_macro": 0.8656916725937146
}