{
  "train_loss": [
    1.0047053184045855,
    0.9199025609609112,
    0.9055679536536526,
    0.88340704505096
  ],
  "train_f1": [
    0.47879647250946605,
    0.5510272433199074,
    0.5703397155812351,
    0.5845492287444395
  ],
  "val_loss": [
    0.9199484063654529,
    0.9249155728184447,
    0.8903384932449886,
    0.8383655943432633
  ],
  "val_f1": [
    0.5476145985281985,
    0.6002225850381039,
    0.601035117143869,
    0.6116105210063798
  ],
  "val_acc": [
    0.5492709501682422,
    0.6023073225444641,
    0.6048710142605351,
    0.6117609357474764
  ],
  "lr": [
    0.001,
    0.001,
    0.001,
    0.001
  ],
  "epochs": [
    1,
    2,
    3,
    4
  ]
}