{
  "train_loss": [
    1.032108893632279,
    0.9234250523245243,
    0.8751103378012967,
    0.8270463198995042,
    0.7957390621495064,
    0.7715847246787128,
    0.7525806149558338,
    0.7333954391272172,
    0.7097604959974508,
    0.6902442540963898,
    0.6755890084044708,
    0.6613915298143616,
    0.6447133643319235,
    0.6325401393958675,
    0.6183111166862576,
    0.6096245447540527,
    0.5977058909956099
  ],
  "train_f1": [
    0.4236830124956359,
    0.5529413464526353,
    0.5885097676923778,
    0.6217212266406591,
    0.644932103618039,
    0.65674585907114,
    0.6723982227486518,
    0.6815242483932339,
    0.6935629367930322,
    0.7054334953740335,
    0.7134452814296722,
    0.7224598999385492,
    0.728239083715419,
    0.7386766877058165,
    0.7413471201459184,
    0.7474405984338115,
    0.7527671412895166
  ],
  "val_loss": [
    0.9156895261638018,
    0.8569521563393729,
    0.8184316085309399,
    0.7842051678774308,
    0.7734417574746268,
    0.7604332356428614,
    0.7502551203479573,
    0.7515896464488945,
    0.7413537630013057,
    0.7349999255063583,
    0.7282797149857696,
    0.7208017627803647,
    0.7293483788261608,
    0.7237153874368084,
    0.7487516248104523,
    0.7362606975497031,
    0.7424817498849363
  ],
  "val_f1": [
    0.5543582604637011,
    0.6076016944242715,
    0.639844665517752,
    0.65827645864108,
    0.6663926386234613,
    0.6755889604723326,
    0.6823955616118357,
    0.6873051485468057,
    0.6942527324562814,
    0.697612375870272,
    0.6972988328717685,
    0.7048534144569408,
    0.7017409263274618,
    0.7036222899169439,
    0.7058924914224306,
    0.7009035679160265,
    0.7088687223669613
  ],
  "val_acc": [
    0.5598461784970358,
    0.6109597820862042,
    0.641403621214549,
    0.6558243871174492,
    0.6663996154462426,
    0.6756929979170004,
    0.6822624579394327,
    0.6873898413715751,
    0.6931581477327351,
    0.6960423009133152,
    0.6950809165197885,
    0.7030924531325108,
    0.7011696843454575,
    0.7026117609357475,
    0.7046947604550553,
    0.6989264540938952,
    0.7075789136356353
  ],
  "lr": [
    0.001,
    0.001,
    0.001,
    0.001,
    0.001,
    0.001,
    0.001,
    0.001,
    0.001,
    0.001,
    0.001,
    0.001,
    0.001,
    0.001,
    0.001,
    0.001,
    0.001
  ],
  "epochs": [
    1,
    2,
    3,
    4,
    5,
    6,
    7,
    8,
    9,
    10,
    11,
    12,
    13,
    14,
    15,
    16,
    17
  ]
}