{
  "accuracy": 0.5906104790898894,
  "f1_macro": 0.5907446270035793,
  "f1_weighted": 0.5928835350299012,
  "f1_per_class": [
    0.5381615598885794,
    0.5862002690755334,
    0.6478720520466251
  ],
  "confusion_matrix": [
    [
      966,
      725,
      129
    ],
    [
      531,
      1525,
      271
    ],
    [
      273,
      626,
      1195
    ]
  ],
  "roc_auc_micro": 0.7709790256918849,
  "roc_auc_macro": 0.7644909542181543
}