{
  "train_loss": [
    1.4304430929138838,
    0.9032921432839025,
    0.8338154033016976,
    0.7931883385419236,
    0.7537968110702836,
    0.7231642446859413,
    0.70733025022175,
    0.6772291022340965,
    0.6537993871952261,
    0.6430182912770439,
    0.6265256736437073,
    0.6040470172910739
  ],
  "train_f1": [
    0.444620410816786,
    0.5761001613334287,
    0.6221167549447838,
    0.6451572048290667,
    0.6679727465664159,
    0.6848649472898343,
    0.6963047559890704,
    0.7091672524137157,
    0.7246128047310414,
    0.7269082646799646,
    0.7366847201972688,
    0.7483255374425934
  ],
  "val_loss": [
    0.895200819385295,
    0.8132330957724123,
    0.790392806943582,
    0.7663400641509465,
    0.7213346070172836,
    0.7611125297084147,
    0.743755328716064,
    0.7411047743291271,
    0.7212729335439448,
    0.7842460530144828,
    0.7843655889131584,
    0.764944525701659
  ],
  "val_f1": [
    0.5485431716488889,
    0.6381491913113985,
    0.6521091520344706,
    0.6786963978310357,
    0.689523856795101,
    0.6949312504306251,
    0.7001327236280778,
    0.7001690142020114,
    0.7065589105074613,
    0.6972116132416203,
    0.6995726280165391,
    0.7082840360553467
  ],
  "val_acc": [
    0.5824387117449127,
    0.6441275436628745,
    0.6587085402980292,
    0.6777759974363082,
    0.6877103028360839,
    0.6960423009133152,
    0.7000480692196763,
    0.6998878384874219,
    0.7051754526518186,
    0.6986059926293863,
    0.7008492228809485,
    0.7077391443678898
  ],
  "lr": [
    0.001,
    0.001,
    0.001,
    0.001,
    0.001,
    0.001,
    0.001,
    0.001,
    0.001,
    0.001,
    0.001,
    0.001
  ],
  "epochs": [
    1,
    2,
    3,
    4,
    5,
    6,
    7,
    8,
    9,
    10,
    11,
    12
  ]
}