{
  "train_loss": [
    0.9629054688431723,
    0.8420251155143503,
    0.7848805013824912,
    0.7376919490906894,
    0.6971962121136658,
    0.6657480148936782,
    0.6399026000896073,
    0.6181613645895058,
    0.600621184710499,
    0.5775414234041558,
    0.5610440451165905
  ],
  "train_f1": [
    0.5117379808881073,
    0.6122440629773834,
    0.6523626533194419,
    0.6796259107721272,
    0.7016412072600802,
    0.7168301901015659,
    0.727060892782632,
    0.7397344273613369,
    0.7466288239241056,
    0.756740765385456,
    0.7691170344314605
  ],
  "val_loss": [
    0.8244183154738679,
    0.7778459690055068,
    0.7459101585709319,
    0.7314630503557167,
    0.7228955763335131,
    0.7509029814783408,
    0.7191769851713764,
    0.7341220457943118,
    0.746892935159255,
    0.746908388575729,
    0.7538618421067997
  ],
  "val_f1": [
    0.6223740373552791,
    0.6568008993022852,
    0.678310242259832,
    0.6952390407895305,
    0.7005207061383056,
    0.6909380669616629,
    0.7004781519209246,
    0.706430900373653,
    0.7024943039922545,
    0.7055359715707475,
    0.7078226797877719
  ],
  "val_acc": [
    0.6250600865245954,
    0.6588687710302836,
    0.6779362281685627,
    0.6958820701810607,
    0.6998878384874219,
    0.6923569940714629,
    0.7005287614164397,
    0.705656144848582,
    0.702451530203493,
    0.7042140682582919,
    0.7062970677775997
  ],
  "lr": [
    0.001,
    0.001,
    0.001,
    0.001,
    0.001,
    0.001,
    0.001,
    0.001,
    0.001,
    0.001,
    0.001
  ],
  "epochs": [
    1,
    2,
    3,
    4,
    5,
    6,
    7,
    8,
    9,
    10,
    11
  ]
}