{
  "accuracy": 0.7688490475428206,
  "f1_macro": 0.7715513749813759,
  "f1_weighted": 0.7687526788132328,
  "f1_per_class": [
    0.781173924803895,
    0.7081443076258371,
    0.8253358925143954
  ],
  "confusion_matrix": [
    [
      1444,
      325,
      52
    ],
    [
      391,
      1639,
      300
    ],
    [
      41,
      335,
      1720
    ]
  ],
  "roc_auc_micro": 0.9183671937141641,
  "roc_auc_macro": 0.9150224898618101
}