{
  "accuracy": 0.705335683384073,
  "f1_macro": 0.7061992613681406,
  "f1_weighted": 0.7052554703721503,
  "f1_per_class": [
    0.6840896036760482,
    0.6549192364170338,
    0.7795889440113395
  ],
  "confusion_matrix": [
    [
      1191,
      511,
      118
    ],
    [
      395,
      1561,
      371
    ],
    [
      76,
      368,
      1650
    ]
  ],
  "roc_auc_micro": 0.8673282476614106,
  "roc_auc_macro": 0.8624002793529474
}