{
  "train_loss": [
    2.09697722809394,
    1.0727239737425314,
    1.0023025826115133,
    0.9607207441268979,
    0.9192024816942337,
    0.8856869879586008,
    0.8545222655891458,
    0.8216652095394061,
    0.7962462453890944,
    0.7636638799363085,
    0.7447655834638707,
    0.7239089802555416,
    0.715389897413266,
    0.6859773318176074
  ],
  "train_f1": [
    0.390497080818813,
    0.4571279313059124,
    0.5027719503252164,
    0.5392550215134149,
    0.5704376795847236,
    0.5940758130325294,
    0.613680218825101,
    0.635810300830073,
    0.6533049278058299,
    0.6683779522421497,
    0.6826275291639455,
    0.6944239205110736,
    0.6979452372518852,
    0.7148532049116287
  ],
  "val_loss": [
    0.9500228835611927,
    0.9225565164673085,
    0.9522658872361086,
    0.8484338096209935,
    0.83361495271021,
    0.8095815297292204,
    0.7946054041385651,
    0.8006703768457685,
    0.7926753491771464,
    0.7684672578256957,
    0.7700314056508395,
    0.787596909063203,
    0.781958629890364,
    0.7708574892306814
  ],
  "val_f1": [
    0.5483867217393508,
    0.5652709465509053,
    0.455795138327965,
    0.6154393992564832,
    0.6292868081599918,
    0.6404860386674233,
    0.6556388297826931,
    0.6457569813073257,
    0.6495518825112532,
    0.6724595075160095,
    0.6725325431710839,
    0.6562039645327897,
    0.6824940925671342,
    0.6836307602094673
  ],
  "val_acc": [
    0.5471879506489344,
    0.5676974843775036,
    0.5234738022752764,
    0.6151257811248197,
    0.6266623938471398,
    0.64396731293062,
    0.6563050793142124,
    0.6550232334561769,
    0.6585483095657747,
    0.6736099983976926,
    0.6756929979170004,
    0.6611120012818459,
    0.6829033808684506,
    0.6821022272071784
  ],
  "lr": [
    0.001,
    0.001,
    0.001,
    0.001,
    0.001,
    0.001,
    0.001,
    0.001,
    0.001,
    0.001,
    0.001,
    0.001,
    0.001,
    0.001
  ],
  "epochs": [
    1,
    2,
    3,
    4,
    5,
    6,
    7,
    8,
    9,
    10,
    11,
    12,
    13,
    14
  ]
}