{
  "accuracy": 0.6782566896330716,
  "f1_macro": 0.6789182941317593,
  "f1_weighted": 0.6797018496852578,
  "f1_per_class": [
    0.6397748592870544,
    0.6538748137108793,
    0.7431052093973443
  ],
  "confusion_matrix": [
    [
      1023,
      707,
      90
    ],
    [
      295,
      1755,
      277
    ],
    [
      60,
      579,
      1455
    ]
  ],
  "roc_auc_micro": 0.8428985102752419,
  "roc_auc_macro": 0.8372628609997225
}