{
  "accuracy": 0.7051754526518186,
  "f1_macro": 0.7062131739394744,
  "f1_weighted": 0.7048717308880506,
  "f1_per_class": [
    0.6905702992659515,
    0.6518865913451289,
    0.7761826312073429
  ],
  "confusion_matrix": [
    [
      1223,
      478,
      119
    ],
    [
      411,
      1529,
      387
    ],
    [
      88,
      357,
      1649
    ]
  ],
  "roc_auc_micro": 0.8692104196137616,
  "roc_auc_macro": 0.8642120287320801
}